Spare Part No.,List Price In US Dollars
UF.2100-1114CP,$ -
TVL.5007,$24.00
TVL.4510-9853,$ -
TVL.4420-1991,$66.00
TVL.4300-9853,$104.00
TVL.4300-1991,$66.00
TVL.4300-1988,$ -
TVL.4300-1987,$8.00
TVL.4300-1980,$ -
TVL.2700-9852,$ -
TVH.TRM.RINGCP,$ -
TVH.TRM.RINGBN,$ -
TVH.E399,$140.00
TVH.E184-3482,$1.00
TVH.5030,$40.00
TVH.5026,$50.00
TVH.5007,$24.00
TVH.5006,$32.00
TVH.4511-Display-Dummy,$ -
TVH.4420-1991,$66.00
TVH.4371-9853,$66.00
TVH.4301-1991,$66.00
TVH.4201SB--Display-Dummy,$ -
TVH.4201PN--Display-Dummy,$ -
TVH.4201MB--Display-Dummy,$ -
TVH.4201CP--Display-Dummy,$ -
TVH.4201BN--Display-Dummy,$ -
TVH.4201BB--Display-Dummy,$ -
TVH.4201-9853R,$175.00
TVH.4201-1987,$28.00
TVH.2691-Spout-Holder-Dummy-P0000000600,$ -
TVH.2691-0225,$ -
TVH.0678,$32.00
TVH.0152,$36.00
TRM.TVH.4511CP,$ -
TRM.TVH.4511CMB,$86.00
TRM.TVH.4511CCP,$86.00
TRM.TVH.4511BN,$ -
TRM.TVH.4511-260CSB,$90.00
TRM.TVH.4511-260CMB,$90.00
TRM.TVH.4500CMB,$280.00
TRM.TVH.4500CCP,$200.00
TRM.TVH.4420MB,$148.00
TRM.TVH.4201MB,$120.00
TRM.TVH.4201CP,$100.00
TRM.TVH.4201CMB,$120.00
TRM.TVH.4201BN,$120.00
TRM.TVH.4201-260CSB,$170.00
TRM.TVH.4201-260CCP,$150.00
TRM.TVH.4000V-196CSB,$200.00
TRM.TVH.4000V-196CMB,$180.00
TRM.TVH.4000RMB,$114.00
TRM.TVH.4000MB,$170.00
TRM.TVH.4000CP,$170.00
TRM.TVH.4000BN,$180.00
TRM.TVH.2693SB,$170.00
TRM.TVH.2693CP,$125.00
TRM.TVH.2693CBN,$170.00
TRM.TVH.2693-260CSB,$170.00
TRM.TVH.240.4511CP,$70.00
TRM.TVH.2222CP,$28.00
TRM.TVH.0222PN,$36.00
TRM.TVH.0222MB,$30.00
TRM.TVH.0222CP,$30.00
TRM.TVH.0212CP,$ -
TRM.TVH.0211SB,$37.00
TRM.TVH.0211PN,$33.00
TRM.TVH.0211MB,$33.00
TRM.TVH.0211CP,$34.00
TRM.TVH.0211CMB,$28.00
TRM.TVH.0211CCP,$24.00
TRM.TVH.0211CBN,$28.00
TRM.TVH.0211BN,$30.00
TRM.TVH.0211BB,$40.00
TRM.TVH.0068SB,$26.00
TRM.TVH.0068PN,$28.00
TRM.TVH.0068MB,$28.00
TRM.TVH.0068CP,$24.00
TRM.TVH.0068BN,$28.00
TRM.TVH.0068BB,$30.00
TRM.PBV.2750BN,$ -
TRM.PBV.2200SB,$180.00
TRM.PBV.2200MB,$170.00
TRM.PBV.2200BN,$180.00
TRM.PBV.2101BN,$ -
TRM.PBV.2100MB,$170.00
TRM.PBV.2100BN,$170.00
TRM.240.4420MB,$150.00
TRM.196.6410CP,$ -
TRM.196.6410BN,$66.00
TRM.160.6410PN,$86.00
TRM.160.6410MB,$102.00
TRM.160.6410CP,$86.00
TRM.100.6415CP,$ -
TRM.100.6410CP,$100.00
TO-28 2.0 P,$ -
TO-16 2.0,$ -
RP80778MB,$40.00
RP80609SB,$98.00
RP80609PN,$98.00
RP80609MB,$98.00
RP80609CP,$98.00
RP80609BN,$98.00
RP80008BN,$ -
RP70823,$50.00
RP70822,$28.00
RP70778,$28.00
RP70777,$18.00
RP70774,$22.00
RP70773,$28.00
RP70638,$22.00
RP70637,$18.00
RP64229,$1.00
RP64023,$6.00
RP60143,$1.00
RP60136,$1.00
RP56148,$24.00
RP50235,$4.00
RP30289 - 02.3205.00000,$27.00
RP30234,$6.00
RHW.3R-9857MB,$36.00
REUSE,$22.00
R1001-9853,$63.00
PBV1005AS-1987,$28.00
PBV1005A-SB-Display-Dummy,$ -
PBV1005A-PN-Display-Dummy,$ -
PBV1005A-MB-Display-Dummy,$ -
PBV1005A-CP-Display-Dummy,$ -
PBV1005A-BN-Display-Dummy,$ -
PBV1005A-BB-Display-Dummy,$ -
PBV1005A-9852,$28.00
PBV1005A-9400,$63.00
PBV1004A-SV2-3,$ -
PBV1004A-SV2-1,$ -
PBV1004A-P3,$ -
PBV1004A-P1,$ -
PBV1004A-9853,$ -
PBV1004A-1987,$ -
PBV.E185-1853,$48.00
PBV.E185-1850,$38.00
PBV.E137-2354,$18.00
P.1000-9853,$36.00
P.1000-2555,$12.00
P.1000-2554,$36.00
P.1000-2553SS,$55.00
OLD-TVL.E185CP,$ -
OLD-TVL.E185BN,$ -
OLD-TVL.E137CP,$ -
OLD-TVL.E137BN,$ -
OLD-PBV.E185CP,$ -
OLD-PBV.E185BN,$ -
OLD-PBV.E137CP,$ -
OLD-PBV.E137BN,$ -
OBSOLTE-PBV1005A-1991,$66.00
OBSOLETE-TVH.4201-9853,$104.00
OBSOLETE-PBV1005A-9853,$63.00
OBSOLETE-K.2000-2229SS,$88.00
OBSOLETE-196.1165-9853,$76.00
OBSOLETE-100.1170-9853,$76.00
OBSOLETE-001,$ -
OBSOLETE - 8025006-272 + BT-M6X18 (2),$ -
Obsolete - 196.1165-9202,$44.00
obsolete - 160.1800ECP,$ -
obsolete - 160.1800EBN,$ -
OBSOLETE - 100.TVH.SO-BCP,$86.00
obsolete - 100.1950ECP,$ -
obsolete - 100.1950EBN,$ -
obsolete - 100.1800ECP,$ -
obsolete - 100.1800EBN,$ -
obslete-TVH.EA07BN,$ -
obslete-TVH.E185CP,$ -
obslete-TVH.E137,$ -
MEM.2300N,$34.00
MEM.2300-O,$5.00
MEM.2300,$34.00
LZ-6.5,$ -
K.A100-1353,$18.00
K.2030-2229SS,$88.00
K.2030-2229PS,$88.00
K.2030-1991,$50.00
K.2030-1888SS,$20.00
K.2030-1888PS,$ -
K.1800-9851SS,$20.00
K.1800-9851MB,$20.00
K.1800-9851BG,$20.00
K.1800-2930,$40.00
K.1800-2929,$40.00
K.1800-2352SS,$60.00
K.1800-2352MB,$60.00
K.1800-2352BG,$60.00
K.1800-2312,$30.00
K.1800-2229SS,$88.00
K.1800-2229MB,$86.00
K.1800-2229BG,$88.00
K.1500-9852,$24.00
K.1500-9851SS,$36.00
K.1500-8750,$49.00
K.1500-2229SS,$153.00
K.1500-1383,$24.00
K.1500-1318SS,$48.00
K.1500-1313SS,$30.00
K.1390-2229SS,$123.00
K.1390-2229MB,$123.00
K.1390-2229BG,$123.00
K.1360-9851SS,$20.00
K.1360-9851MB,$20.00
K.1360-9851BG,$20.00
K.1360-2352SS,$86.00
K.1360-2352MB,$86.00
K.1360-2352BG,$86.00
K.1360-2229SS,$88.00
K.1360-2229MB,$86.00
K.1360-2229BG,$88.00
K.1360-1888SS,$24.00
K.1360-1888MB,$24.00
K.1360-1888BG,$24.00
K.1330-2352SS,$76.00
K.1330-2352MB,$86.00
K.1330-2231,$60.00
K.1330-2229SS,$86.00
K.1330-2229MB,$98.00
K.1330-1253,$12.00
K.1300-2352SS,$76.00
K.1300-2352PS,$ -
K.1300-2352MB,$84.00
K.1300-2229SS,$88.00
K.1300-2229PS,$88.00
K.1290-2229SS,$88.00
K.1290-2229PS,$88.00
K.1290-2229MB,$86.00
K.1290-2229BG,$88.00
K.1260-8751,$40.00
K.1260-8750,$63.00
K.1260-2353SS,$30.00
K.1260-2352SS,$53.00
K.1260-2229SS,$88.00
K.1260-1888SS,$14.00
K.1260-1888PS,$ -
K.1230-2364,$26.00
K.1230-2229SS,$88.00
K.1230-1888SS,$15.00
K.1200-Body-Assembly,$ -
K.1200-9852,$26.00
K.1200-9851SS,$36.00
K.1200-9851MB,$24.00
K.1200-8755,$20.00
K.1200-8751,$ -
K.1200-8750,$63.00
K.1200-8738,$30.00
K.1200-2581,$36.00
K.1200-2353SS,$28.00
K.1200-2352SS,$76.00
K.1200-2352PS,$ -
K.1200-2288MB,$89.00
K.1200-2230,$ -
K.1200-2229SS,$88.00
K.1200-2229PS,$88.00
K.1000-2229SS,$80.00
JQ-18x2,$ -
HS8008-9857SB,$30.00
HS8008-9857MB,$30.00
HS8008-9857CP,$27.00
HS8008-9857BN,$30.00
HS1290-5454CP,$ -
HS1280-5454CP,$120.00
HS1280-5454BN,$ -
HS1270-5454CP,$ -
HS1080-9857SB,$40.00
HS1080-9857PN,$40.00
HS1080-9857MB,$40.00
HS1080-9857CP,$40.00
HS1080-9857BN,$40.00
HS1070-9857SB,$34.00
HS1070-9857PN,$34.00
HS1070-9857MB,$34.00
HS1070-9857CP,$34.00
HS1070-9857BN,$34.00
HS1040-9857SB,$34.00
HS1040-9857PN,$34.00
HS1040-9857MB,$34.00
HS1040-9857CP,$34.00
HS1040-9857BN,$34.00
HS1030-9857SB,$34.00
HS1030-9857PN,$34.00
HS1030-9857MB,$34.00
HS1030-9857CP,$34.00
HS1030-9857BN,$34.00
HS1030-9856CP,$80.00
HS1030-1253CP,$ -
HS1030-1253BN,$ -
HS1020-1253CP,$ -
HS1020-1253BN,$ -
HS1009-1112,$18.00
HS1007-1113,$18.00
HS1007-1112,$14.00
HS1002SA-9857SB,$34.00
HS1002SA-9857PN,$34.00
HS1002SA-9857MB,$34.00
HS1002SA-9857CP,$34.00
HS1002SA-9857BN,$34.00
HS1002SA-1253CP,$ -
HS1002SA-1253BN,$ -
HS1001SA-1253CP,$ -
HS1001SA-1253BN,$ -
HEX.100.2300,$4.00
FLM.1170 - RP70824,$420.00
FEM.5506,$28.00
FEM.5505,$38.00
FEM.2300,$26.00
E1001-9853,$63.00
DS-M5X7-J,$ -
DKM.2420-9853,$79.00
DKM.2420-5006,$39.00
DEPRECATED-160.1900-18058,$34.00
DEPRECATED-160.1900-18057,$34.00
CTRR0095,$ -
CSS.20S-8738,$80.00
CSS.20S-8378,$58.00
CSS.20S-1410,$34.00
CSS.20S-0226,$6.00
CSS.15S-0227SB,$13.00
CSS.15S-0227MB,$13.00
CSS.15S-0227CP,$12.00
CSS.15S-0227BN,$13.00
CSS.15S-0227-80SB,$20.00
CSS.15S-0227-80MB,$20.00
CSS.15S-0227-80CP,$20.00
CSS.15S-0227-80BN,$20.00
CFB.2350-1410,$33.00
CFB.2300-3334,$5.00
CFB.2300-3333,$18.00
CFB.2300-2581,$16.00
CFB.2300-2353CP,$140.00
CFB.2300-2353BN,$140.00
CFB.2300-1409,$43.00
CFB.2250.9857CP,$120.00
CFB.2250-9858,$20.00
CFB.2250-9853,$180.00
CFB.2250-3333,$11.00
CFB.2250-2581,$120.00
CFB.2250-2366,$18.00
CFB.2250-2048CP,$220.00
CFB.2250-2048BN,$250.00
CFB.2250-1409,$24.00
CFB.2150-9857CP,$234.00
CFB.2150-9853CP,$222.00
CFB.2150-8742,$44.00
CFB.2150-1999,$4.00
CFB.2150-1411,$38.00
CFB.2150-0230,$100.00
CFB.2150-0227,$4.00
C1004-5458CP,$100.00
C1001-9853,$63.00
C1001-2352CP,$ -
C029002.00000ZZ,$2.00
BT-M3X10-P,$ -
ATBA3002,$76.00
ATBA0128,$ -
ATBA0127,$ -
8029039-452,$ -
8002048-122,$18.00
8002048-072SB,$42.00
8002048-072PN,$33.00
8002048-072MB,$33.00
8002048-072CP,$30.00
8002048-072BN,$36.00
8002048-062,$ -
8002048-045SB,$48.00
8002048-045PN,$44.00
8002048-045MB,$44.00
8002048-045CP,$45.00
8002048-045BN,$47.00
8002048-044,$48.00
8002048-042CP,$28.00
8002048-042BN,$28.00
8002006-504,$ -
8002001-354 + 8002001-362,$ -
8001015-123,$ -
6415.3058CP,$80.00
6415-3059,$23.00
6415-3058,$ -
6035029-382CP,$ -
6032029-383SB,$37.00
6032029-383PN,$33.00
6032029-383MB,$33.00
6032029-383CP,$33.00
6032029-383BN,$36.00
6031029-122,$ -
60.7000S-2352BN,$ -
60.1000-2352-BN,$ -
5x5 Acrylic,$ -
58.7086.1,$ -
5458-H,$ -
5458-C,$ -
270.2410-2364,$18.00
270.1950-2364,$16.00
2691.TRIM.SSB,$200.00
2691.8008RMB,$200.00
2691.8008RCP,$170.00
2691.8006SMB,$170.00
2691.8006SCP,$170.00
2691.2300RSB,$180.00
2691.2300RMB,$180.00
2691.2300RCP,$160.00
260.TVH.SOSB,$98.00
260.TVH.SOPN,$94.00
260.TVH.SOLSB,$86.00
260.TVH.RESB,$98.00
260.TVH.REPN,$94.00
260.TVH.REMB,$96.00
260.TVH.RECP,$90.00
260.TVH.REBN,$90.00
260.2410-5458PN,$330.00
260.2410-5458MB,$240.00
260.2410-5458CP,$240.00
260.2410-5458BN,$260.00
260.2410-2352SB,$86.00
260.2410-2352PN,$76.00
260.2410-2352MB,$79.00
260.2410-2352CP,$76.00
260.2410-2352BN,$76.00
260.2400-5458PN,$300.00
260.2400-5458MB,$300.00
260.2400-5458CP,$300.00
260.2001-2354,$22.00
260.2001-2353SB,$59.00
260.2001-2353MB,$62.00
260.2001-2353CP,$40.00
260.2001-2352HSB,$96.00
260.2001-2352HPN,$86.00
260.2001-2352CSB,$96.00
260.2001-2352CPN,$86.00
260.2000-5458SB,$300.00
260.2000-5458CP,$300.00
260.2000-5458BN,$300.00
260.1800-2353BN,$56.00
260.1800-2352MB,$86.00
260.1165-9852,$ -
260.1165-9851PN,$24.00
260.1165-9851MB,$24.00
260.1165-9851BN,$24.00
260.1165-2353PN,$155.00
260.1165-2352PN,$86.00
260.1165-2352MB,$86.00
260.1165-2352BN,$86.00
260.1165-2047PN,$30.00
260.1165-2047MB,$30.00
260.1165-2047BN,$30.00
260.1000-9853,$63.00
260.1000-9852,$ -
260.1000-9851PN,$ -
260.1000-9851MB,$24.00
260.1000-2352PN,$ -
260.1000-2352MB,$ -
260.1000-2352BN,$86.00
260.1000-2048SB,$22.00
260.1000-2048PN,$22.00
260.1000-2048MB,$26.00
260.1000-2048CP,$22.00
260.1000-2048BN,$22.00
260.1000-2048BB,$22.00
250.TVH.SOMB,$86.00
250.TVH.SOCP,$86.00
250.TVH.SOBN,$90.00
250.TVH.REMB,$86.00
250.TVH.RECP,$86.00
250.TVH.REBN,$86.00
250.2000-2352MB,$95.00
240.TVH.SOPN,$85.00
240.TVH.SOMB,$86.00
240.TVH.SOCP,$86.00
240.TVH.REPN,$85.00
240.TVH.REBN,$90.00
240.8005-1214,$24.00
240.601005A-1214,$18.00
240.2450-2364,$14.00
240.2410-3252CP,$96.00
240.2410-2354,$18.00
240.2410-2352PN,$86.00
240.2410-2352MB,$86.00
240.2410-2352CP,$86.00
240.2410-2352BN,$96.00
240.2000-Faucet-Handle-Dummy,$ -
240.2000-2352PN,$86.00
240.2000-2352MB,$ -
240.2000-2352CP,$ -
240.2000-2352BN,$ -
240.1950-9851,$24.00
240.1950-2354,$12.00
240.1280-8738,$58.00
240.1170-9853,$68.00
240.1000-2930,$36.00
240.1000-2929,$36.00
240.1000-2352PN,$48.00
240.1000-2352MB,$52.00
240.1000-2352CP,$48.00
240.1000-2352BN,$48.00
230.TVH.RECP,$86.00
230.2000-Faucet-Handle-Dummy,$ -
230.2000-8739,$26.00
230.2000-2354,$18.00
230.2000-2353,$26.00
230.2000-2352SB,$96.00
230.1950-9855,$39.00
230.1950-9851,$28.00
230.1950-2354,$24.00
230.1000-9852,$38.00
230.1000-2581,$28.00
196.TVH.SOSB,$93.00
196.TVH.SOPN,$86.00
196.TVH.SOMB,$86.00
196.TVH.SOCP,$86.00
196.TVH.SOBN,$93.00
196.TVH.SO34MB,$54.00
196.TVH.SO34CP,$48.00
196.TVH.SO34BN,$70.00
196.TVH.RESB,$93.00
196.TVH.REPN,$92.00
196.TVH.REMB,$86.00
196.TVH.RECP,$86.00
196.TVH.REBN,$97.00
196.TVH.RE99MB,$86.00
196.TVH.RE99CP,$86.00
196.TVH.RE99BN,$86.00
196.4300-1114CP,$86.00
196.4300-1114BN,$86.00
196.2410-8740,$78.00
196.2410-5458MB,$290.00
196.2410-5458CP,$270.00
196.2410-5458BN,$270.00
196.2410-2364,$28.00
196.2410-2353SB,$76.00
196.2410-2353PN,$65.00
196.2410-2353MB,$65.00
196.2410-2353CP,$65.00
196.2410-2353BN,$78.00
196.2410-2352SB,$86.00
196.2410-2352PN,$80.00
196.2410-2352MB,$80.00
196.2410-2352CP,$80.00
196.2410-2352BN,$80.00
196.2200-1214CP,$ -
196.2200-1214BN,$ -
196.2100-1114SB,$60.00
196.2100-1114PN,$60.00
196.2100-1114MB,$60.00
196.2100-1114CP,$86.00
196.2100-1114BN,$60.00
196.2100-1111SB,$4.00
196.2100-1111PN,$44.00
196.2100-1111MB,$44.00
196.2100-1111CP,$44.00
196.2100-1111BN,$44.00
196.2000-Faucet-Handle-Dummy,$ -
196.2000-8741,$23.00
196.2000-8471,$ -
196.2000-8379,$ -
196.2000-8341,$14.00
196.2000-5458SB,$250.00
196.2000-2581,$22.00
196.1800-9855SB,$190.00
196.1800-9855CP,$160.00
196.1800-2353SB,$180.00
196.1800-2353MB,$183.00
196.1800-2353CP,$160.00
196.1800-2353BN,$180.00
196.1800-2352MB,$70.00
196.1800-2352CP,$70.00
196.1800-2352BN,$70.00
196.1800-0421CP,$44.00
196.1800-0420MB,$38.00
196.1800-0420CP,$40.00
196.1800-0420BN,$44.00
196.1800-0225,$ -
196.1280-5454BN,$120.00
196.1280-5400,$3.00
196.1165-8738 / RP70581,$80.00
196.1165-2364,$28.00
196.1165-2353PN,$160.00
196.1165-1991SB,$50.00
196.1165-1991PN,$50.00
196.1165-1991MB,$50.00
196.1165-1991CP,$50.00
196.1165-1991BN,$50.00
196.1165-1114SB,$86.00
196.1165-1114CP,$ -
196.1165-1114BN,$ -
196.1165-1111SB,$36.00
196.1165-1111CP,$ -
196.1165-1111BN,$ -
196.1000-9853,$63.00
196.1000-9851PN,$ -
196.1000-9851MB,$24.00
196.1000-2828,$1.00
196.1000-2581,$20.00
196.1000-2364,$16.00
196.1000-2352SB,$86.00
196.1000-2352PN,$86.00
196.1000-2352MB,$86.00
196.1000-2352CP,$86.00
196.1000-2352BN,$86.00
1800-Display-Dummy,$ -
180.4300-1114CP,$ -
180.4300-1114BN,$ -
180.2410-2352BN,$76.00
180.2100-1114CP,$86.00
180.2100-1114BN,$56.00
180.2100-1111CP,$24.00
180.2100-1111BN,$24.00
180.2000-5458CP,$300.00
180.1000-2352CP,$ -
180.1000-2352BN,$ -
18.0010.0.0010,$ -
16x5 Acrylic,$ -
160.TVH.SOMB,$86.00
160.TVH.SOCP,$76.00
160.TVH.SOBN,$80.00
160.TVH.REMB,$86.00
160.TVH.RECP,$90.00
160.TVH.REBN,$86.00
160.PBV.TMPPN,$85.00
160.PBV.TMPMB,$86.00
160.PBV.TMPCP,$86.00
160.PBV.TMPBN,$90.00
160.PBV.DIVPN,$46.00
160.PBV.DIVMB,$46.00
160.PBV.DIVCP,$45.00
160.PBV.DIVBN,$35.00
160.6410-9853MB,$159.00
160.6410-9853CP,$138.00
160.6410-9853BN,$138.00
160.6410-91411,$18.00
160.6410-91410,$85.00
160.6410-91409,$46.00
160.6402-9859CP,$140.00
160.601024A-1214,$20.00
160.601003A-1214,$10.00
160.601003A-1212,$2.00
160.5505-1856,$12.00
160.4511-3333,$8.00
160.4511-1214CP,$ -
160.4511-1214BN,$ -
160.4511-1212,$ -
160.2450-9855CP,$120.00
160.2450-9855BN,$140.00
160.2450-9854CP,$ -
160.2450-9854BN,$ -
160.2450-9851PN,$24.00
160.2450-9851MB,$24.00
160.2450-9851CP,$24.00
160.2450-9851BN,$24.00
160.2450-2553PN,$50.00
160.2450-2553MB,$50.00
160.2450-2553CP,$50.00
160.2450-2553BN,$50.00
160.2450-2352PN,$50.00
160.2450-2352MB,$50.00
160.2450-2352CP,$50.00
160.2450-2352BN,$50.00
160.2410-8738,$40.00
160.2410-5458MB,$250.00
160.2410-5458CP,$247.00
160.2410-5458BN,$260.00
160.2410-2364,$28.00
160.2410-2352PN,$86.00
160.2410-2352MB,$86.00
160.2410-2352CP,$76.00
160.2410-2352BN,$86.00
160.2410-0226,$4.00
160.2400-5458PN,$227.00
160.2400-5458MB,$227.00
160.2400-5458CP,$300.00
160.2400-5458BN,$300.00
160.2400-5457,$40.00
160.2400-5456,$45.00
160.2400-5455PN,$70.00
160.2400-5455MB,$80.00
160.2400-5455CP,$60.00
160.2400-5455BN,$70.00
160.2400-18001,$35.00
160.2400-18000,$35.00
160.2300-1212,$ -
160.2201-1214PN,$ -
160.2201-1214CP,$ -
160.2201-1214BN,$ -
160.2100-1991,$66.00
160.2003-8341,$8.00
160.2003-2353BN,$58.00
160.2003-2352BN,$90.00
160.2000-Stationary-Faucet-Handle-Dummy,$ -
160.2000-Faucet-Handle-Dummy,$ -
160.2000-8740,$42.00
160.2000-8738,$36.00
160.2000-5458MB,$227.00
160.2000-5458CP,$227.00
160.2000-5458BN,$227.00
160.2000-2581,$20.00
160.2000-2364,$28.00
160.2000-1999PN,$26.00
160.2000-1999MB,$ -
160.2000-1999CP,$26.00
160.2000-1999BN,$ -
160.2000-0226,$6.00
160.1900ECP,$ -
160.1900EBN,$ -
160.1900-5557,$ -
160.1900-5556,$ -
160.1900-5555BN,$ -
160.1800-9853,$ -
160.1800-9852,$28.00
160.1800-9851SB,$26.00
160.1800-9851PN,$24.00
160.1800-9851MB,$24.00
160.1800-9851CP,$24.00
160.1800-9851BN,$28.00
160.1800-2364,$28.00
160.1800-2353PN,$50.00
160.1800-2353MB,$50.00
160.1800-2353CP,$50.00
160.1800-2353BN,$50.00
160.1800-2352PN,$86.00
160.1800-2352MB,$86.00
160.1800-2352BN,$86.00
160.1800-1999PN,$ -
160.1800-0420PN,$53.00
160.1800-0420MB,$53.00
160.1800-0420CP,$53.00
160.1800-0420BN,$53.00
160.1500-2352PN,$ -
160.1500-2352MB,$ -
160.12CSA-9857SB,$34.00
160.12CSA-9857PN,$34.00
160.12CSA-9857MB,$34.00
160.12CSA-9857CP,$34.00
160.12CSA-9857BN,$34.00
160.1280-9851,$120.00
160.1168-9862,$12.00
160.1168-9861,$ -
160.1168-9860,$40.00
160.1168-9858,$8.00
160.1168-9852,$ -
160.1168-9851PN,$ -
160.1168-9851MB,$24.00
160.1168-9851CP,$24.00
160.1168-9205MB,$40.00
160.1168-9205CP,$60.00
160.1168-9203,$205.00
160.1168-9202,$32.00
160.1168-9201,$76.00
160.1168-2853PN,$72.00
160.1168-2853MB,$72.00
160.1168-2853CP,$72.00
160.1168-2853BN,$72.00
160.1168-2353MB,$200.00
160.1168-2353CP,$93.00
160.1168-2352PN,$ -
160.1168-2352MB,$86.00
160.1168-2352BN,$ -
160.1168-1999PN,$ -
160.1168-1999MB,$28.00
160.1168-1991MB,$50.00
160.1168-1991CP,$50.00
160.1168-1991BN,$50.00
160.1168-0277,$4.00
160.1168-0226,$4.00
160.1167-1991CP,$50.00
160.1167-1991BN,$50.00
160.1050-9853,$ -
160.1000-9853,$76.00
160.1000-9852,$ -
160.1000-9851PN,$ -
160.1000-9851MB,$24.00
160.1000-2581,$ -
160.1000-2352PN,$ -
160.1000-2352MB,$ -
160.1000-2352CP,$66.00
160.1000-2352BN,$ -
150.TVH.SOCP,$ -
150.TVH.RECP,$90.00
150.PBV.TMPCP,$85.00
150.2410-5458CP,$200.00
150.2410-2354,$18.00
150.2410-2352CP,$86.00
150.2400-5458CP,$300.00
150.2000-Faucet-Handle-Dummy,$ -
150.1800-0421CP,$44.00
150.1280-9852,$34.00
150.1165-2352CP,$ -
150.1000-2352CP,$ -
145.TVH.SOMB,$96.00
145.TVH.SOCP,$86.00
145.TVH.REMB,$98.00
145.PBV.TMPMB,$89.00
145.PBV.TMPCP,$85.00
145.2410-5458MB,$240.00
145.2410-5458CP,$230.00
145.2410-2354,$18.00
145.2410-2353CP,$42.00
145.2410-2352CP,$50.00
145.2400-5458CP,$240.00
145.2000-Faucet-Handle-Dummy,$ -
145.2000-5458CP,$230.00
145.2000-2929,$12.00
145.2000-2364,$28.00
145.1000-2352CP,$ -
12x6 Acrylic,$ -
11000236-11000035,$ -
110.1000-9853,$ -
1096107-053,$ -
1096011-062,$28.00
1096001-402 - Obsolete,$ -
1043039-552,$ -
1022024-542 + 1022024-242,$ -
1009024-574,$ -
1005024-552,$ -
1003024-552,$ -
1002024-553,$ -
100.TVH.SOSB,$86.00
100.TVH.SOMB,$86.00
100.TVH.SOCP,$86.00
100.TVH.SOBN,$86.00
100.TVH.RESB,$94.00
100.TVH.REMB,$86.00
100.TVH.RECP,$86.00
100.TVH.REBN,$86.00
100.PBV.TMPSB,$90.00
100.PBV.TMPMB,$86.00
100.PBV.TMPCP,$85.00
100.PBV.TMPBN,$85.00
100.PBV.DIVSB,$40.00
100.PBV.DIVMB,$40.00
100.PBV.DIVCP,$35.00
100.PBV.DIVBN,$35.00
100.601023A-1856,$12.00
100.601001A-1214,$18.00
100.601001A-1212,$ -
100.2450-0420MB,$64.00
100.2450-0420CP,$53.00
100.2450-0420BN,$53.00
100.2410-5458CP,$230.00
100.2410-5458BN,$260.00
100.2410-2354,$13.00
100.2410-2353SB,$45.00
100.2410-2353CP,$45.00
100.2410-2353BN,$45.00
100.2410-2352SB,$64.00
100.2410-2352MB,$46.00
100.2410-2352CP,$46.00
100.2410-2352BN,$46.00
100.2410-2352BB,$64.00
100.2400-5458MB,$300.00
100.2400-5458CP,$300.00
100.2300NCP,$ -
100.2300L-1818SB,$100.00
100.2300-9857SB,$46.00
100.2300-9857MB,$53.00
100.2300-9857CP,$40.00
100.2300-9857BN,$42.00
100.2300-9857BB,$56.00
100.2300-0227,$3.00
100.2000-Faucet-Handle-Dummy,$ -
100.2000-1999MB,$24.00
100.1950E-2668MB,$40.00
100.1950-2354,$18.00
100.1950-2353SB,$60.00
100.1950-2353MB,$40.00
100.1950-2353CP,$40.00
100.1950-2353BN,$40.00
100.1950-1999SB,$36.00
100.1950-1999MB,$24.00
100.1950-1999CP,$24.00
100.1950-1999BN,$24.00
100.1950-1952H,$ -
100.1950-1952C,$ -
100.1800E-2266SB,$40.00
100.1800-9852,$24.00
100.1800-9851SB,$24.00
100.1800-9851MB,$36.00
100.1800-9851BN,$36.00
100.1800-9851BB,$34.00
100.1800-2500GSB,$100.00
100.1800-2500GCP,$100.00
100.1800-2500GBN,$100.00
100.1800-2353SB,$34.00
100.1800-2353MB,$30.00
100.1800-2353CP,$30.00
100.1800-2353BN,$30.00
100.1800-2353BB,$34.00
100.1800-2352SB,$74.00
100.1800-2352CP,$ -
100.1800-2352BN,$74.00
100.1800-2352BB,$86.00
100.1800-0421SB,$44.00
100.1800-0421CP,$44.00
100.1800-0420SB,$53.00
100.1800-0420MB,$53.00
100.1800-0420CP,$53.00
100.1800-0420BN,$53.00
100.1800-0420BB,$48.00
100.1800-0419,$40.00
100.1409-9853,$ -
100.1409-0251,$ -
100.1409-0124BN,$ -
100.1405-2352CP,$ -
100.1405-2229CP,$88.00
100.1404-2364,$28.00
100.1403-2364,$28.00
100.1403-0124CP,$78.00
100.1403-0124BN,$ -
100.1402-2364,$28.00
100.12CSA-9857SB,$34.00
100.12CSA-9857PN,$34.00
100.12CSA-9857MB,$34.00
100.12CSA-9857CP,$34.00
100.12CSA-9857BN,$34.00
100.1170-9852,$24.00
100.1170-9851SB,$22.00
100.1170-2364,$28.00
100.1170-2353MB,$220.00
100.1170-2353CP,$180.00
100.1170-2352SB,$70.00
100.1170-2352BN,$100.00
100.1170-1992SB,$90.00
100.1170-1992PN,$90.00
100.1170-1992MB,$90.00
100.1170-1992CP,$90.00
100.1170-1992BN,$90.00
100.1170-1992BB,$90.00
100.1170-1991SB,$55.00
100.1170-1991PN,$50.00
100.1170-1991MB,$50.00
100.1170-1991CP,$50.00
100.1170-1991BN,$50.00
100.1170-1991BB,$55.00
100.1000-9853,$63.00
100.1000-8738,$38.00
100.1000-2581,$ -
100.1000-2352CP,$ -
100.1000-2352BN,$ -
100.1000-1999SB,$28.00
02.3295.00000,$27.00
[obsolete] TVH.4511-9853,$49.00
6021004,$ -
1300446,$ -
15200,$70.00
15109,$70.00
15103,$70.00
15100,$70.00
0.00E+00,$18.00